{
  "ResponseMatching": 98.66666666666667,
  "correct_num": 15,
  "real_energy": 1351.7952334656554,
  "optimal_energy": 249.9456094279255,
  "GEOR": 0.18489901668548514
}